filename,population_size,elite_size,mutatants_size,crossover_probability,restart_generations,restart_strategy,seed,objective_value,time_elapsed,stop_time
experiment/21-DSJC500.5.txt,100,0.2,0.10,0.70,50,1,0,23034,195.129,194.656
experiment/21-DSJC500.5.txt,100,0.2,0.10,0.70,50,1,1,23158,194.906,194.656
experiment/21-DSJC500.5.txt,100,0.2,0.10,0.70,50,1,2,23346,194.826,194.656
experiment/21-DSJC500.5.txt,100,0.2,0.10,0.70,50,1,3,23197,194.753,194.656
experiment/21-DSJC500.5.txt,100,0.2,0.10,0.70,50,1,4,23043,195.206,194.656
experiment/21-DSJC500.5.txt,100,0.2,0.10,0.70,50,1,5,23321,194.743,194.656
experiment/21-DSJC500.5.txt,100,0.2,0.10,0.70,50,1,6,23312,195.107,194.656
experiment/21-DSJC500.5.txt,100,0.2,0.10,0.70,50,1,7,23139,195.276,194.656
experiment/21-DSJC500.5.txt,100,0.2,0.10,0.70,50,1,8,23176,194.928,194.656
experiment/21-DSJC500.5.txt,100,0.2,0.10,0.70,50,1,9,23298,195.278,194.656
experiment/22-inithx.i.3.txt,100,0.2,0.10,0.70,50,1,0,3654,77.3137,77.2497
experiment/22-inithx.i.3.txt,100,0.2,0.10,0.70,50,1,1,3648,77.4627,77.2497
experiment/22-inithx.i.3.txt,100,0.2,0.10,0.70,50,1,2,3646,77.5556,77.2497
experiment/22-inithx.i.3.txt,100,0.2,0.10,0.70,50,1,3,3649,77.4546,77.2497
experiment/22-inithx.i.3.txt,100,0.2,0.10,0.70,50,1,4,3649,77.4927,77.2497
experiment/22-inithx.i.3.txt,100,0.2,0.10,0.70,50,1,5,3652,77.5872,77.2497
experiment/22-inithx.i.3.txt,100,0.2,0.10,0.70,50,1,6,3642,77.312,77.2497
experiment/22-inithx.i.3.txt,100,0.2,0.10,0.70,50,1,7,3647,77.385,77.2497
experiment/22-inithx.i.3.txt,100,0.2,0.10,0.70,50,1,8,3651,77.4347,77.2497
experiment/22-inithx.i.3.txt,100,0.2,0.10,0.70,50,1,9,3659,77.3262,77.2497
experiment/23-inithx.i.2.txt,100,0.2,0.10,0.70,50,1,0,4101,70.2849,70.1256
experiment/23-inithx.i.2.txt,100,0.2,0.10,0.70,50,1,1,4083,70.4927,70.1256
experiment/23-inithx.i.2.txt,100,0.2,0.10,0.70,50,1,2,4089,70.3986,70.1256
experiment/23-inithx.i.2.txt,100,0.2,0.10,0.70,50,1,3,4080,70.1761,70.1256
experiment/23-inithx.i.2.txt,100,0.2,0.10,0.70,50,1,4,4098,70.3415,70.1256
experiment/23-inithx.i.2.txt,100,0.2,0.10,0.70,50,1,5,4097,70.1542,70.1256
experiment/23-inithx.i.2.txt,100,0.2,0.10,0.70,50,1,6,4086,70.2466,70.1256
experiment/23-inithx.i.2.txt,100,0.2,0.10,0.70,50,1,7,4094,70.2806,70.1256
experiment/23-inithx.i.2.txt,100,0.2,0.10,0.70,50,1,8,4087,70.3072,70.1256
experiment/23-inithx.i.2.txt,100,0.2,0.10,0.70,50,1,9,4093,70.1755,70.1256
experiment/24-inithx.i.1.txt,100,0.2,0.10,0.70,50,1,0,3964,130.138,130.052
experiment/24-inithx.i.1.txt,100,0.2,0.10,0.70,50,1,1,3958,130.418,130.052
experiment/24-inithx.i.1.txt,100,0.2,0.10,0.70,50,1,2,3961,130.479,130.052
experiment/24-inithx.i.1.txt,100,0.2,0.10,0.70,50,1,3,3954,130.537,130.052
experiment/24-inithx.i.1.txt,100,0.2,0.10,0.70,50,1,4,3964,130.535,130.052
experiment/24-inithx.i.1.txt,100,0.2,0.10,0.70,50,1,5,3968,130.103,130.052
experiment/24-inithx.i.1.txt,100,0.2,0.10,0.70,50,1,6,3960,130.111,130.052
experiment/24-inithx.i.1.txt,100,0.2,0.10,0.70,50,1,7,3971,130.56,130.052
experiment/24-inithx.i.1.txt,100,0.2,0.10,0.70,50,1,8,3964,130.065,130.052
experiment/24-inithx.i.1.txt,100,0.2,0.10,0.70,50,1,9,3953,130.285,130.052
experiment/25-qg.order30.txt,100,0.2,0.10,0.70,50,1,0,12122,165.053,164.975
experiment/25-qg.order30.txt,100,0.2,0.10,0.70,50,1,1,12112,165.454,164.975
experiment/25-qg.order30.txt,100,0.2,0.10,0.70,50,1,2,12118,165.627,164.975
experiment/25-qg.order30.txt,100,0.2,0.10,0.70,50,1,3,12125,165.228,164.975
experiment/25-qg.order30.txt,100,0.2,0.10,0.70,50,1,4,12119,165.714,164.975
experiment/25-qg.order30.txt,100,0.2,0.10,0.70,50,1,5,12114,165.363,164.975
experiment/25-qg.order30.txt,100,0.2,0.10,0.70,50,1,6,12114,165.552,164.975
experiment/25-qg.order30.txt,100,0.2,0.10,0.70,50,1,7,12118,165.639,164.975
experiment/25-qg.order30.txt,100,0.2,0.10,0.70,50,1,8,12110,165.548,164.975
experiment/25-qg.order30.txt,100,0.2,0.10,0.70,50,1,9,12118,165.226,164.975
experiment/26-wap05.txt,100,0.2,0.10,0.70,50,1,0,14182,306.2,305.704
experiment/26-wap05.txt,100,0.2,0.10,0.70,50,1,1,14223,305.736,305.704
experiment/26-wap05.txt,100,0.2,0.10,0.70,50,1,2,14229,307.158,305.704
experiment/26-wap05.txt,100,0.2,0.10,0.70,50,1,3,14265,306.355,305.704
experiment/26-wap05.txt,100,0.2,0.10,0.70,50,1,4,14221,306.782,305.704
experiment/26-wap05.txt,100,0.2,0.10,0.70,50,1,5,14230,307.018,305.704
experiment/26-wap05.txt,100,0.2,0.10,0.70,50,1,6,14219,305.841,305.704
experiment/26-wap05.txt,100,0.2,0.10,0.70,50,1,7,14276,308.823,305.704
experiment/26-wap05.txt,100,0.2,0.10,0.70,50,1,8,14225,307.303,305.704
experiment/26-wap05.txt,100,0.2,0.10,0.70,50,1,9,14358,306.608,305.704
experiment/27-wap06.txt,100,0.2,0.10,0.70,50,1,0,20142,342.807,341.349
experiment/27-wap06.txt,100,0.2,0.10,0.70,50,1,1,20064,341.632,341.349
experiment/27-wap06.txt,100,0.2,0.10,0.70,50,1,2,20099,341.473,341.349
experiment/27-wap06.txt,100,0.2,0.10,0.70,50,1,3,20023,341.874,341.349
experiment/27-wap06.txt,100,0.2,0.10,0.70,50,1,4,19978,342.325,341.349
experiment/27-wap06.txt,100,0.2,0.10,0.70,50,1,5,20020,341.495,341.349
experiment/27-wap06.txt,100,0.2,0.10,0.70,50,1,6,19981,342.651,341.349
experiment/27-wap06.txt,100,0.2,0.10,0.70,50,1,7,19958,342.204,341.349
experiment/27-wap06.txt,100,0.2,0.10,0.70,50,1,8,20039,341.757,341.349
experiment/27-wap06.txt,100,0.2,0.10,0.70,50,1,9,20022,342.463,341.349
experiment/28-qg.order40.txt,100,0.2,0.10,0.70,50,1,0,15523,961.052,954.066
experiment/28-qg.order40.txt,100,0.2,0.10,0.70,50,1,1,15516,955.121,954.066
experiment/28-qg.order40.txt,100,0.2,0.10,0.70,50,1,2,15532,956.123,954.066
experiment/28-qg.order40.txt,100,0.2,0.10,0.70,50,1,3,15517,956.909,954.066
experiment/28-qg.order40.txt,100,0.2,0.10,0.70,50,1,4,15528,956.031,954.066
experiment/28-qg.order40.txt,100,0.2,0.10,0.70,50,1,5,15503,957.054,954.066
experiment/28-qg.order40.txt,100,0.2,0.10,0.70,50,1,6,15529,958.141,954.066
experiment/28-qg.order40.txt,100,0.2,0.10,0.70,50,1,7,15525,958.956,954.066
experiment/28-qg.order40.txt,100,0.2,0.10,0.70,50,1,8,15512,954.431,954.066
experiment/28-qg.order40.txt,100,0.2,0.10,0.70,50,1,9,15528,955.597,954.066
experiment/29-wap07.txt,100,0.2,0.10,0.70,50,1,0,15315,1489.31,1485.79
experiment/29-wap07.txt,100,0.2,0.10,0.70,50,1,1,15414,1485.99,1485.79
experiment/29-wap07.txt,100,0.2,0.10,0.70,50,1,2,15346,1492.79,1485.79
experiment/29-wap07.txt,100,0.2,0.10,0.70,50,1,3,15395,1486.9,1485.79
experiment/29-wap07.txt,100,0.2,0.10,0.70,50,1,4,15368,1487.7,1485.79
experiment/29-wap07.txt,100,0.2,0.10,0.70,50,1,5,15441,1491.26,1485.79
experiment/29-wap07.txt,100,0.2,0.10,0.70,50,1,6,15375,1493.73,1485.79
experiment/29-wap07.txt,100,0.2,0.10,0.70,50,1,7,15369,1494.38,1485.79
experiment/29-wap07.txt,100,0.2,0.10,0.70,50,1,8,15419,1489.21,1485.79
experiment/29-wap07.txt,100,0.2,0.10,0.70,50,1,9,15325,1487.01,1485.79
experiment/30-wap08.txt,100,0.2,0.10,0.70,50,1,0,16084,1555.5,1552.44
experiment/30-wap08.txt,100,0.2,0.10,0.70,50,1,1,16098,1553.79,1552.44
experiment/30-wap08.txt,100,0.2,0.10,0.70,50,1,2,16005,1554.62,1552.44
experiment/30-wap08.txt,100,0.2,0.10,0.70,50,1,3,16039,1555.45,1552.44
experiment/30-wap08.txt,100,0.2,0.10,0.70,50,1,4,16039,1553.95,1552.44
experiment/30-wap08.txt,100,0.2,0.10,0.70,50,1,5,16092,1557,1552.44
experiment/30-wap08.txt,100,0.2,0.10,0.70,50,1,6,16064,1556.23,1552.44
experiment/30-wap08.txt,100,0.2,0.10,0.70,50,1,7,16038,1557.59,1552.44
experiment/30-wap08.txt,100,0.2,0.10,0.70,50,1,8,16064,1555.96,1552.44
experiment/30-wap08.txt,100,0.2,0.10,0.70,50,1,9,16079,1559.22,1552.44
experiment/31-C500.9.txt,100,0.2,0.10,0.70,50,1,0,75075,231.658,231.292
experiment/31-C500.9.txt,100,0.2,0.10,0.70,50,1,1,76791,231.905,231.292
experiment/31-C500.9.txt,100,0.2,0.10,0.70,50,1,2,76262,231.825,231.292
experiment/31-C500.9.txt,100,0.2,0.10,0.70,50,1,3,77955,231.756,231.292
experiment/31-C500.9.txt,100,0.2,0.10,0.70,50,1,4,76222,231.736,231.292
experiment/31-C500.9.txt,100,0.2,0.10,0.70,50,1,5,75351,231.715,231.292
experiment/31-C500.9.txt,100,0.2,0.10,0.70,50,1,6,75377,232.232,231.292
experiment/31-C500.9.txt,100,0.2,0.10,0.70,50,1,7,77447,231.527,231.292
experiment/31-C500.9.txt,100,0.2,0.10,0.70,50,1,8,76613,232.368,231.292
experiment/31-C500.9.txt,100,0.2,0.10,0.70,50,1,9,76553,232.143,231.292
experiment/32-2-Insertions_5.txt,100,0.2,0.10,0.70,50,1,0,3017,25.139,25.1253
experiment/32-2-Insertions_5.txt,100,0.2,0.10,0.70,50,1,1,3120,25.2119,25.1253
experiment/32-2-Insertions_5.txt,100,0.2,0.10,0.70,50,1,2,3031,25.1453,25.1253
experiment/32-2-Insertions_5.txt,100,0.2,0.10,0.70,50,1,3,3029,25.2257,25.1253
experiment/32-2-Insertions_5.txt,100,0.2,0.10,0.70,50,1,4,3009,25.2397,25.1253
experiment/32-2-Insertions_5.txt,100,0.2,0.10,0.70,50,1,5,3118,25.149,25.1253
experiment/32-2-Insertions_5.txt,100,0.2,0.10,0.70,50,1,6,3053,25.1971,25.1253
experiment/32-2-Insertions_5.txt,100,0.2,0.10,0.70,50,1,7,3017,25.1484,25.1253
experiment/32-2-Insertions_5.txt,100,0.2,0.10,0.70,50,1,8,3064,25.1593,25.1253
experiment/32-2-Insertions_5.txt,100,0.2,0.10,0.70,50,1,9,3015,25.2128,25.1253
experiment/33-1-Insertions_6.txt,100,0.2,0.10,0.70,50,1,0,1356,36.8759,36.7734
experiment/33-1-Insertions_6.txt,100,0.2,0.10,0.70,50,1,1,1354,36.7808,36.7734
experiment/33-1-Insertions_6.txt,100,0.2,0.10,0.70,50,1,2,1355,36.8477,36.7734
experiment/33-1-Insertions_6.txt,100,0.2,0.10,0.70,50,1,3,1360,36.8448,36.7734
experiment/33-1-Insertions_6.txt,100,0.2,0.10,0.70,50,1,4,1364,36.9437,36.7734
experiment/33-1-Insertions_6.txt,100,0.2,0.10,0.70,50,1,5,1355,36.9007,36.7734
experiment/33-1-Insertions_6.txt,100,0.2,0.10,0.70,50,1,6,1359,36.8411,36.7734
experiment/33-1-Insertions_6.txt,100,0.2,0.10,0.70,50,1,7,1360,36.8438,36.7734
experiment/33-1-Insertions_6.txt,100,0.2,0.10,0.70,50,1,8,1372,36.9376,36.7734
experiment/33-1-Insertions_6.txt,100,0.2,0.10,0.70,50,1,9,1352,36.8061,36.7734
experiment/34-ash331GPIA.txt,100,0.2,0.10,0.70,50,1,0,1607,29.8544,29.8114
experiment/34-ash331GPIA.txt,100,0.2,0.10,0.70,50,1,1,1590,29.8576,29.8114
experiment/34-ash331GPIA.txt,100,0.2,0.10,0.70,50,1,2,1585,29.9148,29.8114
experiment/34-ash331GPIA.txt,100,0.2,0.10,0.70,50,1,3,1595,29.8936,29.8114
experiment/34-ash331GPIA.txt,100,0.2,0.10,0.70,50,1,4,1585,29.8727,29.8114
experiment/34-ash331GPIA.txt,100,0.2,0.10,0.70,50,1,5,1593,29.9093,29.8114
experiment/34-ash331GPIA.txt,100,0.2,0.10,0.70,50,1,6,1585,29.8787,29.8114
experiment/34-ash331GPIA.txt,100,0.2,0.10,0.70,50,1,7,1594,29.8396,29.8114
experiment/34-ash331GPIA.txt,100,0.2,0.10,0.70,50,1,8,1602,29.9272,29.8114
experiment/34-ash331GPIA.txt,100,0.2,0.10,0.70,50,1,9,1599,29.9079,29.8114
experiment/35-4-FullIns_4.txt,100,0.2,0.10,0.70,50,1,0,2443,45.3534,45.186
experiment/35-4-FullIns_4.txt,100,0.2,0.10,0.70,50,1,1,2443,45.2881,45.186
experiment/35-4-FullIns_4.txt,100,0.2,0.10,0.70,50,1,2,2447,45.4014,45.186
experiment/35-4-FullIns_4.txt,100,0.2,0.10,0.70,50,1,3,2445,45.3276,45.186
experiment/35-4-FullIns_4.txt,100,0.2,0.10,0.70,50,1,4,2448,45.3176,45.186
experiment/35-4-FullIns_4.txt,100,0.2,0.10,0.70,50,1,5,2445,45.6103,45.186
experiment/35-4-FullIns_4.txt,100,0.2,0.10,0.70,50,1,6,2443,45.286,45.186
experiment/35-4-FullIns_4.txt,100,0.2,0.10,0.70,50,1,7,2446,45.2613,45.186
experiment/35-4-FullIns_4.txt,100,0.2,0.10,0.70,50,1,8,2443,45.3672,45.186
experiment/35-4-FullIns_4.txt,100,0.2,0.10,0.70,50,1,9,2443,45.2743,45.186
experiment/36-will199GPIA.txt,100,0.2,0.10,0.70,50,1,0,5173,47.2287,47.1609
experiment/36-will199GPIA.txt,100,0.2,0.10,0.70,50,1,1,5176,47.3383,47.1609
experiment/36-will199GPIA.txt,100,0.2,0.10,0.70,50,1,2,5097,47.1735,47.1609
experiment/36-will199GPIA.txt,100,0.2,0.10,0.70,50,1,3,5124,47.2012,47.1609
experiment/36-will199GPIA.txt,100,0.2,0.10,0.70,50,1,4,5130,47.2411,47.1609
experiment/36-will199GPIA.txt,100,0.2,0.10,0.70,50,1,5,5099,47.1757,47.1609
experiment/36-will199GPIA.txt,100,0.2,0.10,0.70,50,1,6,5220,47.2567,47.1609
experiment/36-will199GPIA.txt,100,0.2,0.10,0.70,50,1,7,5205,47.2174,47.1609
experiment/36-will199GPIA.txt,100,0.2,0.10,0.70,50,1,8,5223,47.3085,47.1609
experiment/36-will199GPIA.txt,100,0.2,0.10,0.70,50,1,9,5112,47.2513,47.1609
experiment/37-latin_square_10.txt,100,0.2,0.10,0.70,50,1,0,59516,1232.29,1228.73
experiment/37-latin_square_10.txt,100,0.2,0.10,0.70,50,1,1,59026,1231.03,1228.73
experiment/37-latin_square_10.txt,100,0.2,0.10,0.70,50,1,2,59199,1231.08,1228.73
experiment/37-latin_square_10.txt,100,0.2,0.10,0.70,50,1,3,59403,1230.53,1228.73
experiment/37-latin_square_10.txt,100,0.2,0.10,0.70,50,1,4,59110,1230.62,1228.73
experiment/37-latin_square_10.txt,100,0.2,0.10,0.70,50,1,5,58713,1232.01,1228.73
experiment/37-latin_square_10.txt,100,0.2,0.10,0.70,50,1,6,58797,1231.34,1228.73
experiment/37-latin_square_10.txt,100,0.2,0.10,0.70,50,1,7,58847,1229.11,1228.73
experiment/37-latin_square_10.txt,100,0.2,0.10,0.70,50,1,8,58738,1231.52,1228.73
experiment/37-latin_square_10.txt,100,0.2,0.10,0.70,50,1,9,59196,1232.53,1228.73
experiment/38-DSJC1000.5.txt,100,0.2,0.10,0.70,50,1,0,59090,1409.51,1407.8
experiment/38-DSJC1000.5.txt,100,0.2,0.10,0.70,50,1,1,59130,1410.87,1407.8
experiment/38-DSJC1000.5.txt,100,0.2,0.10,0.70,50,1,2,59022,1409.69,1407.8
experiment/38-DSJC1000.5.txt,100,0.2,0.10,0.70,50,1,3,59314,1410.93,1407.8
experiment/38-DSJC1000.5.txt,100,0.2,0.10,0.70,50,1,4,58588,1412.44,1407.8
experiment/38-DSJC1000.5.txt,100,0.2,0.10,0.70,50,1,5,59295,1411.13,1407.8
experiment/38-DSJC1000.5.txt,100,0.2,0.10,0.70,50,1,6,59170,1407.88,1407.8
experiment/38-DSJC1000.5.txt,100,0.2,0.10,0.70,50,1,7,59092,1413.85,1407.8
experiment/38-DSJC1000.5.txt,100,0.2,0.10,0.70,50,1,8,59410,1409.42,1407.8
experiment/38-DSJC1000.5.txt,100,0.2,0.10,0.70,50,1,9,59390,1411.3,1407.8
experiment/39-flat1000_50_0.txt,100,0.2,0.10,0.70,50,1,0,53028,1383.84,1383.37
experiment/39-flat1000_50_0.txt,100,0.2,0.10,0.70,50,1,1,52924,1394.08,1383.37
experiment/39-flat1000_50_0.txt,100,0.2,0.10,0.70,50,1,2,52781,1383.51,1383.37
experiment/39-flat1000_50_0.txt,100,0.2,0.10,0.70,50,1,3,52808,1397.02,1383.37
experiment/39-flat1000_50_0.txt,100,0.2,0.10,0.70,50,1,4,53057,1387.52,1383.37
experiment/39-flat1000_50_0.txt,100,0.2,0.10,0.70,50,1,5,52815,1387.36,1383.37
experiment/39-flat1000_50_0.txt,100,0.2,0.10,0.70,50,1,6,52761,1385.24,1383.37
experiment/39-flat1000_50_0.txt,100,0.2,0.10,0.70,50,1,7,52896,1386.04,1383.37
experiment/39-flat1000_50_0.txt,100,0.2,0.10,0.70,50,1,8,52818,1387.76,1383.37
experiment/39-flat1000_50_0.txt,100,0.2,0.10,0.70,50,1,9,52901,1388.4,1383.37
experiment/40-flat1000_60_0.txt,100,0.2,0.10,0.70,50,1,0,52455,1362.05,1359.19
experiment/40-flat1000_60_0.txt,100,0.2,0.10,0.70,50,1,1,52504,1361.35,1359.19
experiment/40-flat1000_60_0.txt,100,0.2,0.10,0.70,50,1,2,52242,1365.35,1359.19
experiment/40-flat1000_60_0.txt,100,0.2,0.10,0.70,50,1,3,52646,1359.31,1359.19
experiment/40-flat1000_60_0.txt,100,0.2,0.10,0.70,50,1,4,52394,1366.27,1359.19
experiment/40-flat1000_60_0.txt,100,0.2,0.10,0.70,50,1,5,52761,1360.88,1359.19
experiment/40-flat1000_60_0.txt,100,0.2,0.10,0.70,50,1,6,52640,1361.91,1359.19
experiment/40-flat1000_60_0.txt,100,0.2,0.10,0.70,50,1,7,52249,1363.86,1359.19
experiment/40-flat1000_60_0.txt,100,0.2,0.10,0.70,50,1,8,52422,1360.03,1359.19
experiment/40-flat1000_60_0.txt,100,0.2,0.10,0.70,50,1,9,52420,1364.52,1359.19
experiment/41-DSJC500.9.txt,100,0.2,0.10,0.70,50,1,0,76535,242.458,241.837
experiment/41-DSJC500.9.txt,100,0.2,0.10,0.70,50,1,1,75675,242.94,241.837
experiment/41-DSJC500.9.txt,100,0.2,0.10,0.70,50,1,2,75582,241.928,241.837
experiment/41-DSJC500.9.txt,100,0.2,0.10,0.70,50,1,3,75881,242.822,241.837
experiment/41-DSJC500.9.txt,100,0.2,0.10,0.70,50,1,4,75947,242.885,241.837
experiment/41-DSJC500.9.txt,100,0.2,0.10,0.70,50,1,5,75192,242.091,241.837
experiment/41-DSJC500.9.txt,100,0.2,0.10,0.70,50,1,6,75152,242.206,241.837
experiment/41-DSJC500.9.txt,100,0.2,0.10,0.70,50,1,7,78193,242.784,241.837
experiment/41-DSJC500.9.txt,100,0.2,0.10,0.70,50,1,8,77218,242.227,241.837
experiment/41-DSJC500.9.txt,100,0.2,0.10,0.70,50,1,9,75599,242.057,241.837
experiment/42-flat1000_76_0.txt,100,0.2,0.10,0.70,50,1,0,51829,1384.9,1381.53
experiment/42-flat1000_76_0.txt,100,0.2,0.10,0.70,50,1,1,51898,1385.94,1381.53
experiment/42-flat1000_76_0.txt,100,0.2,0.10,0.70,50,1,2,51468,1387.51,1381.53
experiment/42-flat1000_76_0.txt,100,0.2,0.10,0.70,50,1,3,51827,1382.08,1381.53
experiment/42-flat1000_76_0.txt,100,0.2,0.10,0.70,50,1,4,51703,1382.45,1381.53
experiment/42-flat1000_76_0.txt,100,0.2,0.10,0.70,50,1,5,51752,1385.09,1381.53
experiment/42-flat1000_76_0.txt,100,0.2,0.10,0.70,50,1,6,51794,1387.6,1381.53
experiment/42-flat1000_76_0.txt,100,0.2,0.10,0.70,50,1,7,51744,1382.88,1381.53
experiment/42-flat1000_76_0.txt,100,0.2,0.10,0.70,50,1,8,51796,1382.5,1381.53
experiment/42-flat1000_76_0.txt,100,0.2,0.10,0.70,50,1,9,51716,1382.02,1381.53
experiment/43-5-FullIns_4.txt,100,0.2,0.10,0.70,50,1,0,2212,109.368,109.134
experiment/43-5-FullIns_4.txt,100,0.2,0.10,0.70,50,1,1,2212,109.175,109.134
experiment/43-5-FullIns_4.txt,100,0.2,0.10,0.70,50,1,2,2212,109.42,109.134
experiment/43-5-FullIns_4.txt,100,0.2,0.10,0.70,50,1,3,2212,109.162,109.134
experiment/43-5-FullIns_4.txt,100,0.2,0.10,0.70,50,1,4,2212,109.376,109.134
experiment/43-5-FullIns_4.txt,100,0.2,0.10,0.70,50,1,5,2212,109.142,109.134
experiment/43-5-FullIns_4.txt,100,0.2,0.10,0.70,50,1,6,2213,109.415,109.134
experiment/43-5-FullIns_4.txt,100,0.2,0.10,0.70,50,1,7,2212,109.245,109.134
experiment/43-5-FullIns_4.txt,100,0.2,0.10,0.70,50,1,8,2214,109.353,109.134
experiment/43-5-FullIns_4.txt,100,0.2,0.10,0.70,50,1,9,2212,109.276,109.134
experiment/44-ash608GPIA.txt,100,0.2,0.10,0.70,50,1,0,3982,100.178,99.909
experiment/44-ash608GPIA.txt,100,0.2,0.10,0.70,50,1,1,3982,100.105,99.909
experiment/44-ash608GPIA.txt,100,0.2,0.10,0.70,50,1,2,3961,99.953,99.909
experiment/44-ash608GPIA.txt,100,0.2,0.10,0.70,50,1,3,3979,100.28,99.909
experiment/44-ash608GPIA.txt,100,0.2,0.10,0.70,50,1,4,3919,100.08,99.909
experiment/44-ash608GPIA.txt,100,0.2,0.10,0.70,50,1,5,3984,99.964,99.909
experiment/44-ash608GPIA.txt,100,0.2,0.10,0.70,50,1,6,3956,100.098,99.909
experiment/44-ash608GPIA.txt,100,0.2,0.10,0.70,50,1,7,3996,100.028,99.909
experiment/44-ash608GPIA.txt,100,0.2,0.10,0.70,50,1,8,3997,100.08,99.909
experiment/44-ash608GPIA.txt,100,0.2,0.10,0.70,50,1,9,4001,99.9756,99.909
experiment/45-3-Insertions_5.txt,100,0.2,0.10,0.70,50,1,0,1406,126.217,125.741
experiment/45-3-Insertions_5.txt,100,0.2,0.10,0.70,50,1,1,1406,126.274,125.741
experiment/45-3-Insertions_5.txt,100,0.2,0.10,0.70,50,1,2,1406,126.208,125.741
experiment/45-3-Insertions_5.txt,100,0.2,0.10,0.70,50,1,3,1406,126.125,125.741
experiment/45-3-Insertions_5.txt,100,0.2,0.10,0.70,50,1,4,1406,126.09,125.741
experiment/45-3-Insertions_5.txt,100,0.2,0.10,0.70,50,1,5,1406,125.951,125.741
experiment/45-3-Insertions_5.txt,100,0.2,0.10,0.70,50,1,6,1406,125.97,125.741
experiment/45-3-Insertions_5.txt,100,0.2,0.10,0.70,50,1,7,1406,126.209,125.741
experiment/45-3-Insertions_5.txt,100,0.2,0.10,0.70,50,1,8,1406,126.195,125.741
experiment/45-3-Insertions_5.txt,100,0.2,0.10,0.70,50,1,9,1406,126.155,125.741
experiment/46-abb313GPIA.txt,100,0.2,0.10,0.70,50,1,0,4774,644.319,641.406
experiment/46-abb313GPIA.txt,100,0.2,0.10,0.70,50,1,1,4876,643.408,641.406
experiment/46-abb313GPIA.txt,100,0.2,0.10,0.70,50,1,2,4860,643.659,641.406
experiment/46-abb313GPIA.txt,100,0.2,0.10,0.70,50,1,3,4856,643.074,641.406
experiment/46-abb313GPIA.txt,100,0.2,0.10,0.70,50,1,4,5002,643.825,641.406
experiment/46-abb313GPIA.txt,100,0.2,0.10,0.70,50,1,5,4936,642.762,641.406
experiment/46-abb313GPIA.txt,100,0.2,0.10,0.70,50,1,6,4894,643.67,641.406
experiment/46-abb313GPIA.txt,100,0.2,0.10,0.70,50,1,7,4812,643.039,641.406
experiment/46-abb313GPIA.txt,100,0.2,0.10,0.70,50,1,8,4766,642.135,641.406
experiment/46-abb313GPIA.txt,100,0.2,0.10,0.70,50,1,9,4984,642.126,641.406
experiment/47-ash958GPIA.txt,100,0.2,0.10,0.70,50,1,0,2998,229.233,229.205
experiment/47-ash958GPIA.txt,100,0.2,0.10,0.70,50,1,1,2998,229.59,229.205
experiment/47-ash958GPIA.txt,100,0.2,0.10,0.70,50,1,2,2983,229.701,229.205
experiment/47-ash958GPIA.txt,100,0.2,0.10,0.70,50,1,3,2997,230.225,229.205
experiment/47-ash958GPIA.txt,100,0.2,0.10,0.70,50,1,4,2998,229.22,229.205
experiment/47-ash958GPIA.txt,100,0.2,0.10,0.70,50,1,5,2977,230.352,229.205
experiment/47-ash958GPIA.txt,100,0.2,0.10,0.70,50,1,6,3013,231.563,229.205
experiment/47-ash958GPIA.txt,100,0.2,0.10,0.70,50,1,7,2987,229.696,229.205
experiment/47-ash958GPIA.txt,100,0.2,0.10,0.70,50,1,8,2990,229.45,229.205
experiment/47-ash958GPIA.txt,100,0.2,0.10,0.70,50,1,9,2989,229.29,229.205
experiment/48-3-FullIns_5.txt,100,0.2,0.10,0.70,50,1,0,4106,578.393,576.442
experiment/48-3-FullIns_5.txt,100,0.2,0.10,0.70,50,1,1,4113,578.09,576.442
experiment/48-3-FullIns_5.txt,100,0.2,0.10,0.70,50,1,2,4099,577.718,576.442
experiment/48-3-FullIns_5.txt,100,0.2,0.10,0.70,50,1,3,4122,578.273,576.442
experiment/48-3-FullIns_5.txt,100,0.2,0.10,0.70,50,1,4,4108,578.412,576.442
experiment/48-3-FullIns_5.txt,100,0.2,0.10,0.70,50,1,5,4089,579.425,576.442
experiment/48-3-FullIns_5.txt,100,0.2,0.10,0.70,50,1,6,4086,577.254,576.442
experiment/48-3-FullIns_5.txt,100,0.2,0.10,0.70,50,1,7,4096,577.781,576.442
experiment/48-3-FullIns_5.txt,100,0.2,0.10,0.70,50,1,8,4094,578.988,576.442
experiment/48-3-FullIns_5.txt,100,0.2,0.10,0.70,50,1,9,4099,578.963,576.442
experiment/49-wap01.txt,100,0.2,0.10,0.70,50,1,0,21052,2063.78,2056.91
experiment/49-wap01.txt,100,0.2,0.10,0.70,50,1,1,21072,2058.86,2056.91
experiment/49-wap01.txt,100,0.2,0.10,0.70,50,1,2,21107,2063.86,2056.91
experiment/49-wap01.txt,100,0.2,0.10,0.70,50,1,3,21108,2064.95,2056.91
experiment/49-wap01.txt,100,0.2,0.10,0.70,50,1,4,21061,2063.94,2056.91
experiment/49-wap01.txt,100,0.2,0.10,0.70,50,1,5,20991,2062.04,2056.91
experiment/49-wap01.txt,100,0.2,0.10,0.70,50,1,6,21131,2060.07,2056.91
experiment/49-wap01.txt,100,0.2,0.10,0.70,50,1,7,21009,2058.16,2056.91
experiment/49-wap01.txt,100,0.2,0.10,0.70,50,1,8,21125,2060,2056.91
experiment/49-wap01.txt,100,0.2,0.10,0.70,50,1,9,21075,2057.41,2056.91
experiment/50-wap02.txt,100,0.2,0.10,0.70,50,1,0,19250,2159.3,2156.84
experiment/50-wap02.txt,100,0.2,0.10,0.70,50,1,1,19225,2165.16,2156.84
experiment/50-wap02.txt,100,0.2,0.10,0.70,50,1,2,19319,2164.64,2156.84
experiment/50-wap02.txt,100,0.2,0.10,0.70,50,1,3,19293,2157.23,2156.84
experiment/50-wap02.txt,100,0.2,0.10,0.70,50,1,4,19294,2166.26,2156.84
experiment/50-wap02.txt,100,0.2,0.10,0.70,50,1,5,19329,2165.61,2156.84
experiment/50-wap02.txt,100,0.2,0.10,0.70,50,1,6,19330,2157.31,2156.84
experiment/50-wap02.txt,100,0.2,0.10,0.70,50,1,7,19294,2158.5,2156.84
experiment/50-wap02.txt,100,0.2,0.10,0.70,50,1,8,19299,2157.13,2156.84
experiment/50-wap02.txt,100,0.2,0.10,0.70,50,1,9,19303,2161.2,2156.84
experiment/51-school1_nsh.txt,100,0.2,0.10,0.70,50,1,0,9155,38.7203,38.6962
experiment/51-school1_nsh.txt,100,0.2,0.10,0.70,50,1,1,10378,38.7643,38.6962
experiment/51-school1_nsh.txt,100,0.2,0.10,0.70,50,1,2,9776,38.7552,38.6962
experiment/51-school1_nsh.txt,100,0.2,0.10,0.70,50,1,3,10452,38.7011,38.6962
experiment/51-school1_nsh.txt,100,0.2,0.10,0.70,50,1,4,9971,38.8518,38.6962
experiment/51-school1_nsh.txt,100,0.2,0.10,0.70,50,1,5,10195,38.7601,38.6962
experiment/51-school1_nsh.txt,100,0.2,0.10,0.70,50,1,6,9905,38.7578,38.6962
experiment/51-school1_nsh.txt,100,0.2,0.10,0.70,50,1,7,9833,38.7222,38.6962
experiment/51-school1_nsh.txt,100,0.2,0.10,0.70,50,1,8,10183,38.7564,38.6962
experiment/51-school1_nsh.txt,100,0.2,0.10,0.70,50,1,9,9908,38.8796,38.6962
experiment/52-school1.txt,100,0.2,0.10,0.70,50,1,0,9413,51.5879,51.4102
experiment/52-school1.txt,100,0.2,0.10,0.70,50,1,1,9474,51.4706,51.4102
experiment/52-school1.txt,100,0.2,0.10,0.70,50,1,2,8789,51.5176,51.4102
experiment/52-school1.txt,100,0.2,0.10,0.70,50,1,3,9169,51.6281,51.4102
experiment/52-school1.txt,100,0.2,0.10,0.70,50,1,4,9193,51.6117,51.4102
experiment/52-school1.txt,100,0.2,0.10,0.70,50,1,5,8760,51.4765,51.4102
experiment/52-school1.txt,100,0.2,0.10,0.70,50,1,6,8697,51.4747,51.4102
experiment/52-school1.txt,100,0.2,0.10,0.70,50,1,7,9147,51.5237,51.4102
experiment/52-school1.txt,100,0.2,0.10,0.70,50,1,8,9390,51.6012,51.4102
experiment/52-school1.txt,100,0.2,0.10,0.70,50,1,9,9495,51.4974,51.4102
experiment/53-3-FullIns_4.txt,100,0.2,0.10,0.70,50,1,0,2951,13.8189,13.7692
experiment/53-3-FullIns_4.txt,100,0.2,0.10,0.70,50,1,1,2951,13.8274,13.7692
experiment/53-3-FullIns_4.txt,100,0.2,0.10,0.70,50,1,2,2951,13.7968,13.7692
experiment/53-3-FullIns_4.txt,100,0.2,0.10,0.70,50,1,3,2951,13.8015,13.7692
experiment/53-3-FullIns_4.txt,100,0.2,0.10,0.70,50,1,4,2951,13.7842,13.7692
experiment/53-3-FullIns_4.txt,100,0.2,0.10,0.70,50,1,5,2951,13.7981,13.7692
experiment/53-3-FullIns_4.txt,100,0.2,0.10,0.70,50,1,6,2951,13.7771,13.7692
experiment/53-3-FullIns_4.txt,100,0.2,0.10,0.70,50,1,7,2951,13.7769,13.7692
experiment/53-3-FullIns_4.txt,100,0.2,0.10,0.70,50,1,8,2951,13.8195,13.7692
experiment/53-3-FullIns_4.txt,100,0.2,0.10,0.70,50,1,9,2951,13.8274,13.7692
experiment/54-fpsol2.i.3.txt,100,0.2,0.10,0.70,50,1,0,3739,28.9091,28.7786
experiment/54-fpsol2.i.3.txt,100,0.2,0.10,0.70,50,1,1,3739,28.9035,28.7786
experiment/54-fpsol2.i.3.txt,100,0.2,0.10,0.70,50,1,2,3742,28.815,28.7786
experiment/54-fpsol2.i.3.txt,100,0.2,0.10,0.70,50,1,3,3740,28.7818,28.7786
experiment/54-fpsol2.i.3.txt,100,0.2,0.10,0.70,50,1,4,3740,28.9059,28.7786
experiment/54-fpsol2.i.3.txt,100,0.2,0.10,0.70,50,1,5,3741,28.898,28.7786
experiment/54-fpsol2.i.3.txt,100,0.2,0.10,0.70,50,1,6,3738,28.8678,28.7786
experiment/54-fpsol2.i.3.txt,100,0.2,0.10,0.70,50,1,7,3738,28.8642,28.7786
experiment/54-fpsol2.i.3.txt,100,0.2,0.10,0.70,50,1,8,3742,28.813,28.7786
experiment/54-fpsol2.i.3.txt,100,0.2,0.10,0.70,50,1,9,3739,28.8958,28.7786
experiment/55-le450_5c.txt,100,0.2,0.10,0.70,50,1,0,2840,37.9999,37.966
experiment/55-le450_5c.txt,100,0.2,0.10,0.70,50,1,1,2830,38.057,37.966
experiment/55-le450_5c.txt,100,0.2,0.10,0.70,50,1,2,2872,38.0306,37.966
experiment/55-le450_5c.txt,100,0.2,0.10,0.70,50,1,3,2719,37.9999,37.966
experiment/55-le450_5c.txt,100,0.2,0.10,0.70,50,1,4,2867,38.1452,37.966
experiment/55-le450_5c.txt,100,0.2,0.10,0.70,50,1,5,2807,38.0563,37.966
experiment/55-le450_5c.txt,100,0.2,0.10,0.70,50,1,6,2863,38.1418,37.966
experiment/55-le450_5c.txt,100,0.2,0.10,0.70,50,1,7,2777,38.1248,37.966
experiment/55-le450_5c.txt,100,0.2,0.10,0.70,50,1,8,2812,38.1152,37.966
experiment/55-le450_5c.txt,100,0.2,0.10,0.70,50,1,9,2767,38.0784,37.966
experiment/56-le450_5d.txt,100,0.2,0.10,0.70,50,1,0,3016,38.3259,38.2239
experiment/56-le450_5d.txt,100,0.2,0.10,0.70,50,1,1,2841,38.3672,38.2239
experiment/56-le450_5d.txt,100,0.2,0.10,0.70,50,1,2,2862,38.3591,38.2239
experiment/56-le450_5d.txt,100,0.2,0.10,0.70,50,1,3,2903,38.3391,38.2239
experiment/56-le450_5d.txt,100,0.2,0.10,0.70,50,1,4,2823,38.3401,38.2239
experiment/56-le450_5d.txt,100,0.2,0.10,0.70,50,1,5,2871,38.3659,38.2239
experiment/56-le450_5d.txt,100,0.2,0.10,0.70,50,1,6,2853,38.3518,38.2239
experiment/56-le450_5d.txt,100,0.2,0.10,0.70,50,1,7,2943,38.2668,38.2239
experiment/56-le450_5d.txt,100,0.2,0.10,0.70,50,1,8,2753,38.2546,38.2239
experiment/56-le450_5d.txt,100,0.2,0.10,0.70,50,1,9,2888,38.377,38.2239
experiment/57-le450_15c.txt,100,0.2,0.10,0.70,50,1,0,11199,57.8704,57.6022
experiment/57-le450_15c.txt,100,0.2,0.10,0.70,50,1,1,11258,57.7429,57.6022
experiment/57-le450_15c.txt,100,0.2,0.10,0.70,50,1,2,11255,57.8092,57.6022
experiment/57-le450_15c.txt,100,0.2,0.10,0.70,50,1,3,11258,57.7778,57.6022
experiment/57-le450_15c.txt,100,0.2,0.10,0.70,50,1,4,11094,57.7993,57.6022
experiment/57-le450_15c.txt,100,0.2,0.10,0.70,50,1,5,11302,57.8251,57.6022
experiment/57-le450_15c.txt,100,0.2,0.10,0.70,50,1,6,11260,57.717,57.6022
experiment/57-le450_15c.txt,100,0.2,0.10,0.70,50,1,7,11253,57.7318,57.6022
experiment/57-le450_15c.txt,100,0.2,0.10,0.70,50,1,8,11233,57.8515,57.6022
experiment/57-le450_15c.txt,100,0.2,0.10,0.70,50,1,9,11235,57.7938,57.6022
experiment/58-le450_15d.txt,100,0.2,0.10,0.70,50,1,0,13171,58.8119,58.614
experiment/58-le450_15d.txt,100,0.2,0.10,0.70,50,1,1,13115,58.6296,58.614
experiment/58-le450_15d.txt,100,0.2,0.10,0.70,50,1,2,13198,58.8643,58.614
experiment/58-le450_15d.txt,100,0.2,0.10,0.70,50,1,3,13116,58.8255,58.614
experiment/58-le450_15d.txt,100,0.2,0.10,0.70,50,1,4,13180,58.8977,58.614
experiment/58-le450_15d.txt,100,0.2,0.10,0.70,50,1,5,13066,58.8248,58.614
experiment/58-le450_15d.txt,100,0.2,0.10,0.70,50,1,6,13152,58.7325,58.614
experiment/58-le450_15d.txt,100,0.2,0.10,0.70,50,1,7,13186,58.6839,58.614
experiment/58-le450_15d.txt,100,0.2,0.10,0.70,50,1,8,13083,58.6697,58.614
experiment/58-le450_15d.txt,100,0.2,0.10,0.70,50,1,9,13110,58.6687,58.614
experiment/59-le450_25a.txt,100,0.2,0.10,0.70,50,1,0,10556,33.1953,33.0936
experiment/59-le450_25a.txt,100,0.2,0.10,0.70,50,1,1,10627,33.1504,33.0936
experiment/59-le450_25a.txt,100,0.2,0.10,0.70,50,1,2,10681,33.1844,33.0936
experiment/59-le450_25a.txt,100,0.2,0.10,0.70,50,1,3,10585,33.1974,33.0936
experiment/59-le450_25a.txt,100,0.2,0.10,0.70,50,1,4,10556,33.1444,33.0936
experiment/59-le450_25a.txt,100,0.2,0.10,0.70,50,1,5,10696,33.2594,33.0936
experiment/59-le450_25a.txt,100,0.2,0.10,0.70,50,1,6,10627,33.1,33.0936
experiment/59-le450_25a.txt,100,0.2,0.10,0.70,50,1,7,10655,33.2052,33.0936
experiment/59-le450_25a.txt,100,0.2,0.10,0.70,50,1,8,10678,33.1775,33.0936
experiment/59-le450_25a.txt,100,0.2,0.10,0.70,50,1,9,10679,33.2072,33.0936
experiment/60-le450_25b.txt,100,0.2,0.10,0.70,50,1,0,8358,32.466,32.3872
experiment/60-le450_25b.txt,100,0.2,0.10,0.70,50,1,1,8289,32.5465,32.3872
experiment/60-le450_25b.txt,100,0.2,0.10,0.70,50,1,2,8245,32.3958,32.3872
experiment/60-le450_25b.txt,100,0.2,0.10,0.70,50,1,3,8333,32.432,32.3872
experiment/60-le450_25b.txt,100,0.2,0.10,0.70,50,1,4,8341,32.4057,32.3872
experiment/60-le450_25b.txt,100,0.2,0.10,0.70,50,1,5,8363,32.5383,32.3872
experiment/60-le450_25b.txt,100,0.2,0.10,0.70,50,1,6,8336,32.4011,32.3872
experiment/60-le450_25b.txt,100,0.2,0.10,0.70,50,1,7,8369,32.4256,32.3872
experiment/60-le450_25b.txt,100,0.2,0.10,0.70,50,1,8,8290,32.5267,32.3872
experiment/60-le450_25b.txt,100,0.2,0.10,0.70,50,1,9,8370,32.3967,32.3872
experiment/61-le450_25c.txt,100,0.2,0.10,0.70,50,1,0,12131,60.461,60.2067
experiment/61-le450_25c.txt,100,0.2,0.10,0.70,50,1,1,12110,60.3947,60.2067
experiment/61-le450_25c.txt,100,0.2,0.10,0.70,50,1,2,12163,60.2806,60.2067
experiment/61-le450_25c.txt,100,0.2,0.10,0.70,50,1,3,12010,60.4885,60.2067
experiment/61-le450_25c.txt,100,0.2,0.10,0.70,50,1,4,12087,60.3669,60.2067
experiment/61-le450_25c.txt,100,0.2,0.10,0.70,50,1,5,12112,60.4533,60.2067
experiment/61-le450_25c.txt,100,0.2,0.10,0.70,50,1,6,12150,60.4854,60.2067
experiment/61-le450_25c.txt,100,0.2,0.10,0.70,50,1,7,12088,60.4499,60.2067
experiment/61-le450_25c.txt,100,0.2,0.10,0.70,50,1,8,12028,60.2585,60.2067
experiment/61-le450_25c.txt,100,0.2,0.10,0.70,50,1,9,12147,60.4476,60.2067
experiment/62-le450_25d.txt,100,0.2,0.10,0.70,50,1,0,13283,60.175,60.0646
experiment/62-le450_25d.txt,100,0.2,0.10,0.70,50,1,1,13248,60.2101,60.0646
experiment/62-le450_25d.txt,100,0.2,0.10,0.70,50,1,2,13208,60.2557,60.0646
experiment/62-le450_25d.txt,100,0.2,0.10,0.70,50,1,3,13305,60.0779,60.0646
experiment/62-le450_25d.txt,100,0.2,0.10,0.70,50,1,4,13231,60.1548,60.0646
experiment/62-le450_25d.txt,100,0.2,0.10,0.70,50,1,5,13215,60.243,60.0646
experiment/62-le450_25d.txt,100,0.2,0.10,0.70,50,1,6,13228,60.2604,60.0646
experiment/62-le450_25d.txt,100,0.2,0.10,0.70,50,1,7,13159,60.3326,60.0646
experiment/62-le450_25d.txt,100,0.2,0.10,0.70,50,1,8,13290,60.238,60.0646
experiment/62-le450_25d.txt,100,0.2,0.10,0.70,50,1,9,13278,60.2296,60.0646
experiment/63-fpsol2.i.2.txt,100,0.2,0.10,0.70,50,1,0,4720,31.5297,31.4412
experiment/63-fpsol2.i.2.txt,100,0.2,0.10,0.70,50,1,1,4717,31.4992,31.4412
experiment/63-fpsol2.i.2.txt,100,0.2,0.10,0.70,50,1,2,4715,31.5137,31.4412
experiment/63-fpsol2.i.2.txt,100,0.2,0.10,0.70,50,1,3,4708,31.575,31.4412
experiment/63-fpsol2.i.2.txt,100,0.2,0.10,0.70,50,1,4,4713,31.5998,31.4412
experiment/63-fpsol2.i.2.txt,100,0.2,0.10,0.70,50,1,5,4710,31.587,31.4412
experiment/63-fpsol2.i.2.txt,100,0.2,0.10,0.70,50,1,6,4715,31.4579,31.4412
experiment/63-fpsol2.i.2.txt,100,0.2,0.10,0.70,50,1,7,4717,31.4543,31.4412
experiment/63-fpsol2.i.2.txt,100,0.2,0.10,0.70,50,1,8,4736,31.6372,31.4412
experiment/63-fpsol2.i.2.txt,100,0.2,0.10,0.70,50,1,9,4700,31.5842,31.4412
experiment/64-4-Insertions_4.txt,100,0.2,0.10,0.70,50,1,0,1021,10.9024,10.8244
experiment/64-4-Insertions_4.txt,100,0.2,0.10,0.70,50,1,1,1017,10.847,10.8244
experiment/64-4-Insertions_4.txt,100,0.2,0.10,0.70,50,1,2,1037,10.9225,10.8244
experiment/64-4-Insertions_4.txt,100,0.2,0.10,0.70,50,1,3,999,10.8377,10.8244
experiment/64-4-Insertions_4.txt,100,0.2,0.10,0.70,50,1,4,1026,10.8746,10.8244
experiment/64-4-Insertions_4.txt,100,0.2,0.10,0.70,50,1,5,1017,10.9048,10.8244
experiment/64-4-Insertions_4.txt,100,0.2,0.10,0.70,50,1,6,1019,10.8263,10.8244
experiment/64-4-Insertions_4.txt,100,0.2,0.10,0.70,50,1,7,1021,10.8646,10.8244
experiment/64-4-Insertions_4.txt,100,0.2,0.10,0.70,50,1,8,1026,10.8776,10.8244
experiment/64-4-Insertions_4.txt,100,0.2,0.10,0.70,50,1,9,1022,10.9303,10.8244
experiment/65-fpsol2.i.1.txt,100,0.2,0.10,0.70,50,1,0,8373,43.2107,43.0273
experiment/65-fpsol2.i.1.txt,100,0.2,0.10,0.70,50,1,1,8372,43.0816,43.0273
experiment/65-fpsol2.i.1.txt,100,0.2,0.10,0.70,50,1,2,8382,43.1757,43.0273
experiment/65-fpsol2.i.1.txt,100,0.2,0.10,0.70,50,1,3,8370,43.263,43.0273
experiment/65-fpsol2.i.1.txt,100,0.2,0.10,0.70,50,1,4,8378,43.2384,43.0273
experiment/65-fpsol2.i.1.txt,100,0.2,0.10,0.70,50,1,5,8380,43.1337,43.0273
experiment/65-fpsol2.i.1.txt,100,0.2,0.10,0.70,50,1,6,8377,43.4299,43.0273
experiment/65-fpsol2.i.1.txt,100,0.2,0.10,0.70,50,1,7,8375,43.2365,43.0273
experiment/65-fpsol2.i.1.txt,100,0.2,0.10,0.70,50,1,8,8368,43.1192,43.0273
experiment/65-fpsol2.i.1.txt,100,0.2,0.10,0.70,50,1,9,8387,43.2436,43.0273
experiment/66-DSJR500.1.txt,100,0.2,0.10,0.70,50,1,0,6904,18.4467,18.3757
experiment/66-DSJR500.1.txt,100,0.2,0.10,0.70,50,1,1,6898,18.4421,18.3757
experiment/66-DSJR500.1.txt,100,0.2,0.10,0.70,50,1,2,6961,18.4412,18.3757
experiment/66-DSJR500.1.txt,100,0.2,0.10,0.70,50,1,3,6882,18.3919,18.3757
experiment/66-DSJR500.1.txt,100,0.2,0.10,0.70,50,1,4,6923,18.4,18.3757
experiment/66-DSJR500.1.txt,100,0.2,0.10,0.70,50,1,5,6929,18.5642,18.3757
experiment/66-DSJR500.1.txt,100,0.2,0.10,0.70,50,1,6,6894,18.3783,18.3757
experiment/66-DSJR500.1.txt,100,0.2,0.10,0.70,50,1,7,6843,18.4668,18.3757
experiment/66-DSJR500.1.txt,100,0.2,0.10,0.70,50,1,8,6877,18.4593,18.3757
experiment/66-DSJR500.1.txt,100,0.2,0.10,0.70,50,1,9,6967,18.3826,18.3757
experiment/67-DSJR500.1c.txt,100,0.2,0.10,0.70,50,1,0,28780,219.531,219.218
experiment/67-DSJR500.1c.txt,100,0.2,0.10,0.70,50,1,1,28860,219.486,219.218
experiment/67-DSJR500.1c.txt,100,0.2,0.10,0.70,50,1,2,28762,219.338,219.218
experiment/67-DSJR500.1c.txt,100,0.2,0.10,0.70,50,1,3,28571,220.117,219.218
experiment/67-DSJR500.1c.txt,100,0.2,0.10,0.70,50,1,4,28645,219.891,219.218
experiment/67-DSJR500.1c.txt,100,0.2,0.10,0.70,50,1,5,28695,219.736,219.218
experiment/67-DSJR500.1c.txt,100,0.2,0.10,0.70,50,1,6,28949,219.869,219.218
experiment/67-DSJR500.1c.txt,100,0.2,0.10,0.70,50,1,7,28740,220.681,219.218
experiment/67-DSJR500.1c.txt,100,0.2,0.10,0.70,50,1,8,28574,219.286,219.218
experiment/67-DSJR500.1c.txt,100,0.2,0.10,0.70,50,1,9,28740,219.788,219.218
experiment/68-DSJR500.5.txt,100,0.2,0.10,0.70,50,1,0,59274,163.705,163.616
experiment/68-DSJR500.5.txt,100,0.2,0.10,0.70,50,1,1,58751,163.709,163.616
experiment/68-DSJR500.5.txt,100,0.2,0.10,0.70,50,1,2,59322,163.832,163.616
experiment/68-DSJR500.5.txt,100,0.2,0.10,0.70,50,1,3,58819,164.437,163.616
experiment/68-DSJR500.5.txt,100,0.2,0.10,0.70,50,1,4,59699,164.719,163.616
experiment/68-DSJR500.5.txt,100,0.2,0.10,0.70,50,1,5,59594,163.764,163.616
experiment/68-DSJR500.5.txt,100,0.2,0.10,0.70,50,1,6,59248,164.727,163.616
experiment/68-DSJR500.5.txt,100,0.2,0.10,0.70,50,1,7,59549,163.815,163.616
experiment/68-DSJR500.5.txt,100,0.2,0.10,0.70,50,1,8,59560,164.725,163.616
experiment/68-DSJR500.5.txt,100,0.2,0.10,0.70,50,1,9,59716,164.648,163.616
experiment/69-DSJC1000.9.txt,100,0.2,0.10,0.70,50,1,0,133345,1674.19,1659.88
experiment/69-DSJC1000.9.txt,100,0.2,0.10,0.70,50,1,1,132675,1676.25,1659.88
experiment/69-DSJC1000.9.txt,100,0.2,0.10,0.70,50,1,2,132526,1674.46,1659.88
experiment/69-DSJC1000.9.txt,100,0.2,0.10,0.70,50,1,3,131763,1674.95,1659.88
experiment/69-DSJC1000.9.txt,100,0.2,0.10,0.70,50,1,4,133584,1671.61,1659.88
experiment/69-DSJC1000.9.txt,100,0.2,0.10,0.70,50,1,5,133372,1663.64,1659.88
experiment/69-DSJC1000.9.txt,100,0.2,0.10,0.70,50,1,6,132017,1663.22,1659.88
experiment/69-DSJC1000.9.txt,100,0.2,0.10,0.70,50,1,7,133487,1661.53,1659.88
experiment/69-DSJC1000.9.txt,100,0.2,0.10,0.70,50,1,8,131440,1676.65,1659.88
experiment/69-DSJC1000.9.txt,100,0.2,0.10,0.70,50,1,9,130737,1677.37,1659.88
experiment/70-C1000.9.txt,100,0.2,0.10,0.70,50,1,0,135869,1666.73,1659.37
experiment/70-C1000.9.txt,100,0.2,0.10,0.70,50,1,1,136618,1665.74,1659.37
experiment/70-C1000.9.txt,100,0.2,0.10,0.70,50,1,2,136759,1664.79,1659.37
experiment/70-C1000.9.txt,100,0.2,0.10,0.70,50,1,3,135269,1666.01,1659.37
experiment/70-C1000.9.txt,100,0.2,0.10,0.70,50,1,4,136218,1659.62,1659.37
experiment/70-C1000.9.txt,100,0.2,0.10,0.70,50,1,5,134839,1662.13,1659.37
experiment/70-C1000.9.txt,100,0.2,0.10,0.70,50,1,6,133219,1664.69,1659.37
experiment/70-C1000.9.txt,100,0.2,0.10,0.70,50,1,7,136293,1662.16,1659.37
experiment/70-C1000.9.txt,100,0.2,0.10,0.70,50,1,8,136001,1662.28,1659.37
experiment/70-C1000.9.txt,100,0.2,0.10,0.70,50,1,9,135957,1661.07,1659.37
